                  epoch,         train/box_loss,         train/cls_loss,         train/dfl_loss,   metrics/precision(B),      metrics/recall(B),       metrics/mAP50(B),    metrics/mAP50-95(B),           val/box_loss,           val/cls_loss,           val/dfl_loss,                 lr/pg0,                 lr/pg1,                 lr/pg2
                      1,                 1.5188,                 3.7709,                 1.4084,                0.01866,                0.61745,                0.09409,                0.04651,                  1.493,                 3.6297,                 1.3261,             0.00024543,             0.00024543,             0.00024543
                      2,                 1.5276,                   2.78,                 1.3224,                0.56702,                0.17771,                0.20745,                0.11736,                 1.6086,                 2.9593,                 1.4083,             0.00048345,             0.00048345,             0.00048345
                      3,                 1.4866,                 2.4179,                 1.3527,                0.29763,                0.33677,                0.29835,                0.16436,                 1.7018,                 2.6841,                 1.4597,             0.00070467,             0.00070467,             0.00070467
                      4,                 1.5049,                 2.2046,                 1.3256,                0.38984,                0.38369,                0.34283,                0.18426,                 1.6458,                 2.5257,                 1.4506,             0.00081901,             0.00081901,             0.00081901
